iteration_number,current_solution_objective,global_best_objective,was_worsening_move
1,6206.1,6206.1,False
2,6307.19,6307.19,False
3,6390.19,6390.19,False
4,6465.98,6465.98,False
5,6538.45,6538.45,False
6,6602.56,6602.56,False
7,6657.4,6657.4,False
8,6709.74,6709.74,False
9,6766.57,6766.57,False
10,6820.18,6820.18,False
11,6869.98,6869.98,False
12,6920.46,6920.46,False
13,6970.99,6970.99,False
14,7015.59,7015.59,False
15,7056.73,7056.73,False
16,7101.4,7101.4,False
17,7141.7,7141.7,False
18,7177.29,7177.29,False
19,7212.19,7212.19,False
20,7242.67,7242.67,False
21,7268.23,7268.23,False
22,7291.67,7291.67,False
23,7322.95,7322.95,False
24,7351.89,7351.89,False
25,7375.62,7375.62,False
26,7398.96,7398.96,False
27,7419.61,7419.61,False
28,7441.97,7441.97,False
29,7461.79,7461.79,False
30,7471.45,7471.45,False
31,7478.91,7478.91,False
32,7491.36,7491.36,False
33,7507.17,7507.17,False
34,7515.83,7515.83,False
35,7525.33,7525.33,False
36,7537.32,7537.32,False
37,7546.57,7546.57,False
38,7547.75,7547.75,False
39,7544.97,7547.75,True
40,7550.86,7550.86,False
41,7552.67,7552.67,False
42,7559.7,7559.7,False
43,7562.08,7562.08,False
44,7564.39,7564.39,False
45,7568.77,7568.77,False
46,7573.89,7573.89,False
47,7579.46,7579.46,False
48,7581.97,7581.97,False
49,7584.39,7584.39,False
50,7589.13,7589.13,False
51,7597.04,7597.04,False
52,7606.98,7606.98,False
53,7618.11,7618.11,False
54,7625.18,7625.18,False
55,7628.27,7628.27,False
56,7634.78,7634.78,False
57,7639.76,7639.76,False
58,7645.24,7645.24,False
59,7653.57,7653.57,False
60,7656.46,7656.46,False
61,7659.96,7659.96,False
62,7665.38,7665.38,False
63,7669.61,7669.61,False
64,7673.29,7673.29,False
65,7677.85,7677.85,False
66,7680.95,7680.95,False
67,7685.15,7685.15,False
68,7692.46,7692.46,False
69,7704.58,7704.58,False
70,7712.65,7712.65,False
71,7721.42,7721.42,False
72,7731.08,7731.08,False
73,7736.25,7736.25,False
74,7736.86,7736.86,False
75,7738.97,7738.97,False
76,7740.13,7740.13,False
77,7744.56,7744.56,False
78,7742.73,7744.56,True
79,7739.37,7744.56,True
80,7726.61,7744.56,True
81,7720.2,7744.56,True
82,7710.86,7744.56,True
83,7705.81,7744.56,True
84,7706.12,7744.56,False
85,7703.87,7744.56,True
86,7697.66,7744.56,True
87,7694.17,7744.56,True
88,7686.26,7744.56,True
89,7679.56,7744.56,True
90,7667.51,7744.56,True
91,7659.24,7744.56,True
92,7652.33,7744.56,True
93,7650.22,7744.56,True
94,7659.98,7744.56,False
95,7660.33,7744.56,False
96,7656.58,7744.56,True
97,7656.17,7744.56,True
98,7653.29,7744.56,True
99,7655.86,7744.56,False
100,7652.43,7744.56,True
101,7648.31,7744.56,True
102,7637.22,7744.56,True
103,7644.52,7744.56,False
104,7638.58,7744.56,True
105,7630.72,7744.56,True
106,7623.4,7744.56,True
107,7616.06,7744.56,True
108,7620.66,7744.56,False
109,7619.79,7744.56,True
110,7614.67,7744.56,True
111,7614.47,7744.56,True
112,7618.81,7744.56,False
113,7610.31,7744.56,True
114,7630.05,7744.56,False
115,7634.07,7744.56,False
116,7641.35,7744.56,False
117,7644.54,7744.56,False
118,7647.07,7744.56,False
119,7646.68,7744.56,True
120,7645.81,7744.56,True
121,7642.93,7744.56,True
122,7638.51,7744.56,True
123,7644.22,7744.56,False
124,7644.95,7744.56,False
125,7640.8,7744.56,True
126,7636.95,7744.56,True
127,7637.19,7744.56,False
128,7638.76,7744.56,False
129,7640.53,7744.56,False
130,7638.64,7744.56,True
131,7636.2,7744.56,True
132,7636.08,7744.56,True
133,7636.26,7744.56,False
134,7642.82,7744.56,False
135,7637.05,7744.56,True
136,7640.54,7744.56,False
137,7648.02,7744.56,False
138,7652.78,7744.56,False
139,7659.41,7744.56,False
140,7669.26,7744.56,False
141,7681.99,7744.56,False
142,7684.37,7744.56,False
143,7693.98,7744.56,False
144,7694.66,7744.56,False
145,7713.65,7744.56,False
146,7714.86,7744.56,False
147,7716.12,7744.56,False
148,7718.23,7744.56,False
149,7721.94,7744.56,False
150,7720.87,7744.56,True
151,7715.46,7744.56,True
152,7712.89,7744.56,True
153,7718.27,7744.56,False
154,7719.11,7744.56,False
155,7713.01,7744.56,True
156,7711.63,7744.56,True
157,7709.53,7744.56,True
158,7708.04,7744.56,True
159,7709.19,7744.56,False
160,7708.05,7744.56,True
161,7703.61,7744.56,True
162,7696.78,7744.56,True
163,7692.99,7744.56,True
164,7689.82,7744.56,True
165,7687.49,7744.56,True
166,7687.17,7744.56,True
167,7683.8,7744.56,True
168,7683.39,7744.56,True
169,7677.92,7744.56,True
170,7672.03,7744.56,True
171,7661.93,7744.56,True
172,7661.31,7744.56,True
173,7660.08,7744.56,True
174,7659.44,7744.56,True
175,7659.86,7744.56,False
176,7668.92,7744.56,False
177,7672.16,7744.56,False
178,7661.0,7744.56,True
179,7656.91,7744.56,True
180,7648.98,7744.56,True
181,7642.98,7744.56,True
182,7636.88,7744.56,True
183,7641.42,7744.56,False
184,7647.38,7744.56,False
185,7645.84,7744.56,True
186,7647.97,7744.56,False
187,7648.34,7744.56,False
188,7655.18,7744.56,False
189,7658.53,7744.56,False
190,7656.56,7744.56,True
191,7661.59,7744.56,False
192,7673.56,7744.56,False
193,7681.89,7744.56,False
194,7685.92,7744.56,False
195,7683.22,7744.56,True
196,7683.31,7744.56,False
197,7687.39,7744.56,False
198,7689.75,7744.56,False
199,7696.8,7744.56,False
200,7700.1,7744.56,False
201,7704.66,7744.56,False
202,7701.94,7744.56,True
203,7702.41,7744.56,False
204,7698.27,7744.56,True
205,7694.15,7744.56,True
206,7681.39,7744.56,True
207,7672.98,7744.56,True
208,7668.01,7744.56,True
209,7675.47,7744.56,False
210,7674.83,7744.56,True
211,7673.02,7744.56,True
212,7671.86,7744.56,True
213,7669.62,7744.56,True
214,7661.7,7744.56,True
215,7660.34,7744.56,True
216,7659.12,7744.56,True
217,7673.69,7744.56,False
218,7673.14,7744.56,True
219,7668.52,7744.56,True
220,7665.23,7744.56,True
221,7664.74,7744.56,True
222,7665.56,7744.56,False
223,7665.39,7744.56,True
224,7671.39,7744.56,False
225,7685.5,7744.56,False
226,7688.47,7744.56,False
227,7690.49,7744.56,False
228,7689.13,7744.56,True
229,7688.84,7744.56,True
230,7697.77,7744.56,False
231,7695.7,7744.56,True
232,7691.12,7744.56,True
233,7682.97,7744.56,True
234,7685.44,7744.56,False
235,7677.78,7744.56,True
236,7672.34,7744.56,True
237,7669.09,7744.56,True
238,7667.58,7744.56,True
239,7665.73,7744.56,True
240,7658.56,7744.56,True
241,7655.77,7744.56,True
242,7654.09,7744.56,True
243,7647.99,7744.56,True
244,7641.28,7744.56,True
245,7636.5,7744.56,True
246,7632.16,7744.56,True
247,7634.41,7744.56,False
248,7629.95,7744.56,True
249,7626.45,7744.56,True
250,7623.88,7744.56,True
251,7627.21,7744.56,False
252,7631.99,7744.56,False
253,7631.36,7744.56,True
254,7648.24,7744.56,False
255,7655.23,7744.56,False
256,7658.44,7744.56,False
257,7668.34,7744.56,False
258,7682.06,7744.56,False
259,7684.99,7744.56,False
260,7684.12,7744.56,True
261,7690.11,7744.56,False
262,7686.79,7744.56,True
263,7693.06,7744.56,False
264,7690.9,7744.56,True
265,7697.09,7744.56,False
266,7693.93,7744.56,True
267,7692.41,7744.56,True
268,7695.7,7744.56,False
269,7691.02,7744.56,True
270,7682.4,7744.56,True
271,7687.23,7744.56,False
272,7694.69,7744.56,False
273,7686.15,7744.56,True
274,7679.27,7744.56,True
275,7672.07,7744.56,True
276,7667.14,7744.56,True
277,7667.8,7744.56,False
278,7666.63,7744.56,True
279,7668.83,7744.56,False
280,7678.31,7744.56,False
281,7680.35,7744.56,False
282,7680.89,7744.56,False
283,7684.21,7744.56,False
284,7681.06,7744.56,True
285,7679.07,7744.56,True
286,7679.42,7744.56,False
287,7678.01,7744.56,True
288,7692.66,7744.56,False
289,7693.26,7744.56,False
290,7691.03,7744.56,True
291,7685.84,7744.56,True
292,7683.41,7744.56,True
293,7680.7,7744.56,True
294,7682.92,7744.56,False
295,7678.42,7744.56,True
296,7674.83,7744.56,True
297,7689.87,7744.56,False
298,7685.23,7744.56,True
299,7686.29,7744.56,False
300,7687.86,7744.56,False
301,7683.22,7744.56,True
302,7675.72,7744.56,True
303,7680.05,7744.56,False
304,7676.02,7744.56,True
305,7668.5,7744.56,True
306,7669.7,7744.56,False
307,7660.07,7744.56,True
308,7652.78,7744.56,True
309,7642.66,7744.56,True
310,7641.77,7744.56,True
311,7646.14,7744.56,False
312,7643.19,7744.56,True
313,7645.25,7744.56,False
314,7640.46,7744.56,True
315,7638.32,7744.56,True
316,7640.55,7744.56,False
317,7639.95,7744.56,True
318,7635.66,7744.56,True
319,7636.97,7744.56,False
320,7643.13,7744.56,False
321,7645.06,7744.56,False
322,7645.55,7744.56,False
323,7651.12,7744.56,False
324,7658.34,7744.56,False
325,7655.41,7744.56,True
326,7652.85,7744.56,True
327,7647.59,7744.56,True
328,7644.22,7744.56,True
329,7641.63,7744.56,True
330,7649.73,7744.56,False
331,7648.36,7744.56,True
332,7649.68,7744.56,False
333,7647.38,7744.56,True
334,7647.68,7744.56,False
335,7649.13,7744.56,False
336,7647.51,7744.56,True
337,7646.53,7744.56,True
338,7643.55,7744.56,True
339,7637.54,7744.56,True
340,7645.43,7744.56,False
341,7644.22,7744.56,True
342,7645.61,7744.56,False
343,7642.39,7744.56,True
344,7639.91,7744.56,True
345,7661.29,7744.56,False
346,7666.07,7744.56,False
347,7663.11,7744.56,True
348,7658.74,7744.56,True
349,7657.96,7744.56,True
350,7658.92,7744.56,False
351,7657.38,7744.56,True
352,7654.52,7744.56,True
353,7667.03,7744.56,False
354,7669.52,7744.56,False
355,7668.63,7744.56,True
356,7669.22,7744.56,False
357,7667.52,7744.56,True
358,7667.82,7744.56,False
359,7661.1,7744.56,True
360,7654.93,7744.56,True
361,7650.31,7744.56,True
362,7642.23,7744.56,True
363,7634.63,7744.56,True
364,7640.56,7744.56,False
365,7645.11,7744.56,False
366,7644.21,7744.56,True
367,7646.75,7744.56,False
368,7645.02,7744.56,True
369,7634.12,7744.56,True
370,7637.62,7744.56,False
371,7641.01,7744.56,False
372,7657.5,7744.56,False
373,7655.97,7744.56,True
374,7655.51,7744.56,True
375,7654.52,7744.56,True
376,7663.01,7744.56,False
377,7666.29,7744.56,False
378,7664.61,7744.56,True
379,7663.49,7744.56,True
380,7666.85,7744.56,False
381,7669.64,7744.56,False
382,7675.67,7744.56,False
383,7675.68,7744.56,False
384,7677.46,7744.56,False
385,7674.34,7744.56,True
386,7671.94,7744.56,True
387,7668.91,7744.56,True
388,7664.77,7744.56,True
389,7665.38,7744.56,False
390,7670.74,7744.56,False
391,7669.48,7744.56,True
392,7687.06,7744.56,False
393,7694.82,7744.56,False
394,7700.63,7744.56,False
395,7695.19,7744.56,True
396,7690.68,7744.56,True
397,7689.83,7744.56,True
398,7694.11,7744.56,False
399,7684.78,7744.56,True
400,7682.01,7744.56,True
401,7680.08,7744.56,True
402,7673.22,7744.56,True
403,7673.64,7744.56,False
404,7672.0,7744.56,True
405,7679.23,7744.56,False
406,7686.42,7744.56,False
407,7694.16,7744.56,False
408,7704.64,7744.56,False
409,7699.34,7744.56,True
410,7697.57,7744.56,True
411,7708.03,7744.56,False
412,7701.01,7744.56,True
413,7695.67,7744.56,True
414,7692.11,7744.56,True
415,7688.92,7744.56,True
416,7679.61,7744.56,True
417,7673.42,7744.56,True
418,7662.6,7744.56,True
419,7661.72,7744.56,True
420,7655.54,7744.56,True
421,7647.82,7744.56,True
422,7644.84,7744.56,True
423,7656.95,7744.56,False
424,7652.93,7744.56,True
425,7658.08,7744.56,False
426,7661.15,7744.56,False
427,7663.33,7744.56,False
428,7658.48,7744.56,True
429,7657.0,7744.56,True
430,7656.45,7744.56,True
431,7667.87,7744.56,False
432,7661.58,7744.56,True
433,7656.48,7744.56,True
434,7660.19,7744.56,False
435,7658.77,7744.56,True
436,7657.77,7744.56,True
437,7664.84,7744.56,False
438,7667.42,7744.56,False
439,7666.14,7744.56,True
440,7659.93,7744.56,True
441,7652.26,7744.56,True
442,7663.87,7744.56,False
443,7670.42,7744.56,False
444,7672.77,7744.56,False
445,7667.81,7744.56,True
446,7659.53,7744.56,True
447,7663.91,7744.56,False
448,7662.49,7744.56,True
449,7656.73,7744.56,True
450,7656.07,7744.56,True
451,7659.32,7744.56,False
452,7656.5,7744.56,True
453,7654.98,7744.56,True
454,7654.81,7744.56,True
455,7660.18,7744.56,False
456,7658.19,7744.56,True
457,7657.15,7744.56,True
458,7655.82,7744.56,True
459,7650.45,7744.56,True
460,7647.47,7744.56,True
461,7655.76,7744.56,False
462,7660.45,7744.56,False
463,7666.51,7744.56,False
464,7668.34,7744.56,False
465,7672.07,7744.56,False
466,7673.6,7744.56,False
467,7668.92,7744.56,True
468,7675.58,7744.56,False
469,7668.68,7744.56,True
470,7675.34,7744.56,False
471,7681.99,7744.56,False
472,7685.43,7744.56,False
473,7687.99,7744.56,False
474,7688.49,7744.56,False
475,7686.08,7744.56,True
476,7680.88,7744.56,True
477,7685.51,7744.56,False
478,7680.53,7744.56,True
479,7670.46,7744.56,True
480,7663.66,7744.56,True
481,7662.46,7744.56,True
482,7658.31,7744.56,True
483,7658.89,7744.56,False
484,7663.39,7744.56,False
485,7660.54,7744.56,True
486,7654.89,7744.56,True
487,7647.69,7744.56,True
488,7667.26,7744.56,False
489,7660.6,7744.56,True
490,7661.05,7744.56,False
491,7666.44,7744.56,False
492,7667.24,7744.56,False
493,7663.76,7744.56,True
494,7657.41,7744.56,True
495,7655.76,7744.56,True
496,7648.44,7744.56,True
497,7640.55,7744.56,True
498,7651.9,7744.56,False
499,7660.57,7744.56,False
500,7661.1,7744.56,False
501,7669.47,7744.56,False
502,7669.61,7744.56,False
503,7663.24,7744.56,True
504,7663.65,7744.56,False
505,7660.52,7744.56,True
506,7656.09,7744.56,True
507,7649.57,7744.56,True
508,7651.07,7744.56,False
509,7649.18,7744.56,True
510,7646.46,7744.56,True
511,7638.14,7744.56,True
512,7633.91,7744.56,True
513,7628.13,7744.56,True
514,7620.04,7744.56,True
515,7624.54,7744.56,False
516,7626.09,7744.56,False
517,7626.15,7744.56,False
518,7631.32,7744.56,False
519,7630.73,7744.56,True
520,7635.63,7744.56,False
521,7630.35,7744.56,True
522,7641.65,7744.56,False
523,7641.38,7744.56,True
524,7647.51,7744.56,False
525,7647.01,7744.56,True
526,7651.48,7744.56,False
527,7652.18,7744.56,False
528,7656.81,7744.56,False
529,7656.65,7744.56,True
530,7662.3,7744.56,False
531,7661.92,7744.56,True
532,7659.93,7744.56,True
533,7660.33,7744.56,False
534,7652.86,7744.56,True
535,7645.23,7744.56,True
536,7641.65,7744.56,True
537,7640.27,7744.56,True
538,7646.09,7744.56,False
539,7642.88,7744.56,True
540,7640.31,7744.56,True
541,7633.76,7744.56,True
542,7626.77,7744.56,True
543,7640.63,7744.56,False
544,7650.45,7744.56,False
545,7656.18,7744.56,False
546,7666.03,7744.56,False
547,7665.02,7744.56,True
548,7665.79,7744.56,False
549,7662.0,7744.56,True
550,7653.42,7744.56,True
551,7671.77,7744.56,False
552,7669.17,7744.56,True
553,7676.33,7744.56,False
554,7677.5,7744.56,False
555,7672.09,7744.56,True
556,7669.24,7744.56,True
557,7672.94,7744.56,False
558,7669.15,7744.56,True
559,7666.16,7744.56,True
560,7665.83,7744.56,True
561,7661.64,7744.56,True
562,7660.69,7744.56,True
563,7657.8,7744.56,True
564,7656.48,7744.56,True
565,7649.2,7744.56,True
566,7642.55,7744.56,True
567,7646.1,7744.56,False
568,7649.46,7744.56,False
569,7646.67,7744.56,True
570,7649.36,7744.56,False
571,7644.22,7744.56,True
572,7643.6,7744.56,True
573,7638.59,7744.56,True
574,7641.02,7744.56,False
575,7634.15,7744.56,True
576,7629.12,7744.56,True
577,7623.01,7744.56,True
578,7619.49,7744.56,True
579,7613.27,7744.56,True
580,7622.23,7744.56,False
581,7625.87,7744.56,False
582,7633.89,7744.56,False
583,7638.15,7744.56,False
584,7653.82,7744.56,False
585,7656.13,7744.56,False
586,7659.74,7744.56,False
587,7676.15,7744.56,False
588,7675.46,7744.56,True
589,7675.37,7744.56,True
590,7669.32,7744.56,True
591,7669.25,7744.56,True
592,7667.96,7744.56,True
593,7672.6,7744.56,False
594,7679.81,7744.56,False
595,7687.1,7744.56,False
596,7693.03,7744.56,False
597,7699.16,7744.56,False
598,7702.39,7744.56,False
599,7715.1,7744.56,False
600,7720.08,7744.56,False
601,7716.24,7744.56,True
602,7715.59,7744.56,True
603,7715.16,7744.56,True
604,7723.41,7744.56,False
605,7719.92,7744.56,True
606,7713.39,7744.56,True
607,7706.68,7744.56,True
608,7697.27,7744.56,True
609,7685.19,7744.56,True
610,7673.09,7744.56,True
611,7664.51,7744.56,True
612,7653.72,7744.56,True
613,7647.05,7744.56,True
614,7643.74,7744.56,True
615,7635.0,7744.56,True
616,7629.78,7744.56,True
617,7618.15,7744.56,True
618,7618.55,7744.56,False
619,7621.92,7744.56,False
620,7619.15,7744.56,True
621,7620.26,7744.56,False
622,7617.58,7744.56,True
623,7612.04,7744.56,True
624,7608.53,7744.56,True
625,7607.38,7744.56,True
626,7608.88,7744.56,False
627,7619.25,7744.56,False
628,7632.09,7744.56,False
629,7630.09,7744.56,True
630,7637.97,7744.56,False
631,7640.09,7744.56,False
632,7641.17,7744.56,False
633,7640.43,7744.56,True
634,7643.76,7744.56,False
635,7642.84,7744.56,True
636,7652.35,7744.56,False
637,7651.0,7744.56,True
638,7647.72,7744.56,True
639,7643.23,7744.56,True
640,7643.49,7744.56,False
641,7643.51,7744.56,False
642,7639.66,7744.56,True
643,7640.43,7744.56,False
644,7646.22,7744.56,False
645,7646.73,7744.56,False
646,7648.08,7744.56,False
647,7649.5,7744.56,False
648,7653.61,7744.56,False
649,7664.7,7744.56,False
650,7668.68,7744.56,False
651,7670.6,7744.56,False
652,7669.73,7744.56,True
653,7672.91,7744.56,False
654,7670.58,7744.56,True
655,7671.03,7744.56,False
656,7674.97,7744.56,False
657,7676.54,7744.56,False
658,7671.81,7744.56,True
659,7677.75,7744.56,False
660,7668.46,7744.56,True
661,7662.4,7744.56,True
662,7661.91,7744.56,True
663,7661.83,7744.56,True
664,7673.37,7744.56,False
665,7680.96,7744.56,False
666,7681.05,7744.56,False
667,7680.63,7744.56,True
668,7677.86,7744.56,True
669,7676.15,7744.56,True
670,7671.1,7744.56,True
671,7689.79,7744.56,False
672,7687.4,7744.56,True
673,7682.88,7744.56,True
674,7686.29,7744.56,False
675,7685.59,7744.56,True
676,7683.83,7744.56,True
677,7679.79,7744.56,True
678,7681.63,7744.56,False
679,7680.71,7744.56,True
680,7681.95,7744.56,False
681,7680.47,7744.56,True
682,7683.21,7744.56,False
683,7676.73,7744.56,True
684,7696.79,7744.56,False
685,7696.49,7744.56,True
686,7690.54,7744.56,True
687,7684.49,7744.56,True
688,7684.31,7744.56,True
689,7690.58,7744.56,False
690,7693.3,7744.56,False
691,7690.48,7744.56,True
692,7685.68,7744.56,True
693,7682.49,7744.56,True
694,7679.58,7744.56,True
695,7677.88,7744.56,True
696,7677.25,7744.56,True
697,7670.23,7744.56,True
698,7665.76,7744.56,True
699,7661.86,7744.56,True
700,7657.85,7744.56,True
701,7654.53,7744.56,True
702,7648.87,7744.56,True
703,7645.49,7744.56,True
704,7638.33,7744.56,True
705,7639.6,7744.56,False
706,7636.23,7744.56,True
707,7629.5,7744.56,True
708,7622.97,7744.56,True
709,7629.2,7744.56,False
710,7634.94,7744.56,False
711,7633.47,7744.56,True
712,7634.86,7744.56,False
713,7637.91,7744.56,False
714,7649.04,7744.56,False
715,7654.82,7744.56,False
716,7661.82,7744.56,False
717,7664.8,7744.56,False
718,7669.37,7744.56,False
719,7663.86,7744.56,True
720,7662.56,7744.56,True
721,7660.79,7744.56,True
722,7667.78,7744.56,False
723,7675.01,7744.56,False
724,7679.67,7744.56,False
725,7684.68,7744.56,False
726,7690.62,7744.56,False
727,7681.11,7744.56,True
728,7674.39,7744.56,True
729,7671.25,7744.56,True
730,7668.24,7744.56,True
731,7666.94,7744.56,True
732,7662.92,7744.56,True
733,7664.72,7744.56,False
734,7669.78,7744.56,False
735,7668.48,7744.56,True
736,7663.94,7744.56,True
737,7654.25,7744.56,True
738,7652.1,7744.56,True
739,7654.85,7744.56,False
740,7646.58,7744.56,True
741,7640.69,7744.56,True
742,7635.29,7744.56,True
743,7629.27,7744.56,True
744,7625.46,7744.56,True
745,7640.56,7744.56,False
746,7636.35,7744.56,True
747,7649.78,7744.56,False
748,7644.51,7744.56,True
749,7638.3,7744.56,True
750,7635.33,7744.56,True
751,7632.57,7744.56,True
752,7636.28,7744.56,False
753,7636.78,7744.56,False
754,7636.71,7744.56,True
755,7632.28,7744.56,True
756,7627.73,7744.56,True
757,7622.55,7744.56,True
758,7613.83,7744.56,True
759,7615.36,7744.56,False
760,7616.81,7744.56,False
761,7621.47,7744.56,False
762,7625.92,7744.56,False
763,7629.11,7744.56,False
764,7631.52,7744.56,False
765,7650.01,7744.56,False
766,7650.59,7744.56,False
767,7648.7,7744.56,True
768,7670.13,7744.56,False
769,7673.06,7744.56,False
770,7677.97,7744.56,False
771,7686.0,7744.56,False
772,7699.36,7744.56,False
773,7698.45,7744.56,True
774,7697.86,7744.56,True
775,7697.15,7744.56,True
776,7697.19,7744.56,False
777,7696.87,7744.56,True
778,7696.65,7744.56,True
779,7708.63,7744.56,False
780,7713.78,7744.56,False
781,7719.65,7744.56,False
782,7721.97,7744.56,False
783,7720.76,7744.56,True
784,7723.98,7744.56,False
785,7722.88,7744.56,True
786,7718.22,7744.56,True
787,7711.66,7744.56,True
788,7710.1,7744.56,True
789,7705.04,7744.56,True
790,7716.59,7744.56,False
791,7719.29,7744.56,False
792,7715.07,7744.56,True
793,7708.12,7744.56,True
794,7705.55,7744.56,True
795,7695.29,7744.56,True
796,7692.34,7744.56,True
797,7681.18,7744.56,True
798,7673.09,7744.56,True
799,7672.19,7744.56,True
800,7674.73,7744.56,False
801,7664.92,7744.56,True
802,7655.6,7744.56,True
803,7669.78,7744.56,False
804,7666.26,7744.56,True
805,7669.51,7744.56,False
806,7669.64,7744.56,False
807,7672.71,7744.56,False
808,7666.14,7744.56,True
809,7673.66,7744.56,False
810,7674.43,7744.56,False
811,7676.93,7744.56,False
812,7681.27,7744.56,False
813,7679.99,7744.56,True
814,7676.86,7744.56,True
815,7681.24,7744.56,False
816,7684.43,7744.56,False
817,7681.51,7744.56,True
818,7675.3,7744.56,True
819,7674.33,7744.56,True
820,7674.63,7744.56,False
821,7678.6,7744.56,False
822,7677.84,7744.56,True
823,7680.93,7744.56,False
824,7679.39,7744.56,True
825,7679.14,7744.56,True
826,7677.99,7744.56,True
827,7679.9,7744.56,False
828,7684.51,7744.56,False
829,7682.99,7744.56,True
830,7682.23,7744.56,True
831,7678.62,7744.56,True
832,7674.17,7744.56,True
833,7674.51,7744.56,False
834,7676.26,7744.56,False
835,7676.35,7744.56,False
836,7678.76,7744.56,False
837,7674.36,7744.56,True
838,7667.51,7744.56,True
839,7665.3,7744.56,True
840,7662.9,7744.56,True
841,7658.27,7744.56,True
842,7657.95,7744.56,True
843,7658.73,7744.56,False
844,7659.14,7744.56,False
845,7660.05,7744.56,False
846,7654.25,7744.56,True
847,7651.39,7744.56,True
848,7646.16,7744.56,True
849,7656.95,7744.56,False
850,7661.94,7744.56,False
851,7665.58,7744.56,False
852,7669.54,7744.56,False
853,7665.34,7744.56,True
854,7662.21,7744.56,True
855,7658.86,7744.56,True
856,7652.09,7744.56,True
857,7642.86,7744.56,True
858,7635.56,7744.56,True
859,7627.6,7744.56,True
860,7620.66,7744.56,True
861,7619.49,7744.56,True
862,7623.42,7744.56,False
863,7621.2,7744.56,True
864,7619.6,7744.56,True
865,7620.46,7744.56,False
866,7620.05,7744.56,True
867,7620.42,7744.56,False
868,7618.99,7744.56,True
869,7620.71,7744.56,False
870,7630.45,7744.56,False
871,7638.82,7744.56,False
872,7642.37,7744.56,False
873,7644.64,7744.56,False
874,7646.96,7744.56,False
875,7650.81,7744.56,False
876,7648.29,7744.56,True
877,7642.12,7744.56,True
878,7637.26,7744.56,True
879,7631.21,7744.56,True
880,7631.61,7744.56,False
881,7628.71,7744.56,True
882,7623.91,7744.56,True
883,7619.71,7744.56,True
884,7614.43,7744.56,True
885,7612.66,7744.56,True
886,7611.63,7744.56,True
887,7610.75,7744.56,True
888,7609.71,7744.56,True
889,7608.15,7744.56,True
890,7605.55,7744.56,True
891,7602.15,7744.56,True
892,7604.55,7744.56,False
893,7607.23,7744.56,False
894,7608.99,7744.56,False
895,7612.32,7744.56,False
896,7613.08,7744.56,False
897,7615.42,7744.56,False
898,7619.09,7744.56,False
899,7622.43,7744.56,False
900,7628.18,7744.56,False
901,7628.01,7744.56,True
902,7640.53,7744.56,False
903,7648.81,7744.56,False
904,7662.72,7744.56,False
905,7665.62,7744.56,False
906,7669.7,7744.56,False
907,7670.95,7744.56,False
908,7673.7,7744.56,False
909,7674.33,7744.56,False
910,7675.2,7744.56,False
911,7683.25,7744.56,False
912,7686.7,7744.56,False
913,7691.5,7744.56,False
914,7696.18,7744.56,False
915,7701.28,7744.56,False
916,7701.56,7744.56,False
917,7697.69,7744.56,True
918,7699.58,7744.56,False
919,7708.0,7744.56,False
920,7708.61,7744.56,False
921,7708.16,7744.56,True
922,7702.96,7744.56,True
923,7697.46,7744.56,True
924,7697.65,7744.56,False
925,7693.14,7744.56,True
926,7687.74,7744.56,True
927,7678.62,7744.56,True
928,7682.62,7744.56,False
929,7678.29,7744.56,True
930,7680.24,7744.56,False
931,7678.76,7744.56,True
932,7675.3,7744.56,True
933,7684.99,7744.56,False
934,7695.18,7744.56,False
935,7698.24,7744.56,False
936,7698.67,7744.56,False
937,7689.35,7744.56,True
938,7691.63,7744.56,False
939,7686.17,7744.56,True
940,7682.85,7744.56,True
941,7702.48,7744.56,False
942,7704.07,7744.56,False
943,7706.04,7744.56,False
944,7700.86,7744.56,True
945,7698.76,7744.56,True
946,7698.02,7744.56,True
947,7697.17,7744.56,True
948,7702.42,7744.56,False
949,7700.27,7744.56,True
950,7703.45,7744.56,False
951,7699.52,7744.56,True
952,7713.79,7744.56,False
953,7710.1,7744.56,True
954,7709.04,7744.56,True
955,7701.09,7744.56,True
956,7691.71,7744.56,True
957,7684.01,7744.56,True
958,7674.02,7744.56,True
959,7665.67,7744.56,True
960,7653.84,7744.56,True
961,7651.38,7744.56,True
962,7647.2,7744.56,True
963,7662.36,7744.56,False
964,7680.94,7744.56,False
965,7680.29,7744.56,True
966,7680.83,7744.56,False
967,7683.6,7744.56,False
968,7686.21,7744.56,False
969,7688.32,7744.56,False
970,7687.6,7744.56,True
971,7682.0,7744.56,True
972,7681.98,7744.56,True
973,7685.53,7744.56,False
974,7685.11,7744.56,True
975,7693.32,7744.56,False
976,7698.34,7744.56,False
977,7703.63,7744.56,False
978,7709.25,7744.56,False
979,7707.47,7744.56,True
980,7706.26,7744.56,True
981,7707.12,7744.56,False
982,7721.31,7744.56,False
983,7732.97,7744.56,False
984,7736.04,7744.56,False
985,7739.98,7744.56,False
986,7738.97,7744.56,True
987,7739.86,7744.56,False
988,7741.61,7744.56,False
989,7746.37,7746.37,False
990,7752.37,7752.37,False
991,7747.41,7752.37,True
992,7755.12,7755.12,False
993,7755.56,7755.56,False
994,7756.24,7756.24,False
995,7750.69,7756.24,True
996,7748.01,7756.24,True
997,7743.06,7756.24,True
998,7736.59,7756.24,True
999,7735.18,7756.24,True
1000,7734.73,7756.24,True
1001,7736.42,7756.24,False
1002,7730.47,7756.24,True
1003,7726.01,7756.24,True
1004,7718.6,7756.24,True
1005,7711.65,7756.24,True
1006,7709.46,7756.24,True
1007,7705.56,7756.24,True
1008,7703.32,7756.24,True
1009,7698.71,7756.24,True
1010,7695.12,7756.24,True
1011,7690.75,7756.24,True
1012,7685.69,7756.24,True
1013,7690.28,7756.24,False
1014,7699.41,7756.24,False
1015,7692.79,7756.24,True
1016,7692.82,7756.24,False
1017,7685.56,7756.24,True
1018,7682.87,7756.24,True
1019,7676.75,7756.24,True
1020,7672.44,7756.24,True
1021,7662.24,7756.24,True
1022,7654.9,7756.24,True
1023,7651.61,7756.24,True
1024,7656.68,7756.24,False
1025,7658.77,7756.24,False
1026,7659.64,7756.24,False
1027,7659.32,7756.24,True
1028,7657.82,7756.24,True
1029,7656.53,7756.24,True
1030,7659.66,7756.24,False
1031,7662.22,7756.24,False
1032,7663.74,7756.24,False
1033,7667.45,7756.24,False
1034,7662.46,7756.24,True
1035,7660.4,7756.24,True
1036,7655.5,7756.24,True
1037,7652.89,7756.24,True
1038,7649.41,7756.24,True
1039,7648.1,7756.24,True
1040,7645.79,7756.24,True
1041,7643.48,7756.24,True
1042,7640.82,7756.24,True
1043,7637.63,7756.24,True
1044,7644.22,7756.24,False
1045,7651.08,7756.24,False
1046,7655.36,7756.24,False
1047,7654.24,7756.24,True
1048,7656.0,7756.24,False
1049,7665.05,7756.24,False
1050,7660.31,7756.24,True
1051,7663.13,7756.24,False
1052,7660.52,7756.24,True
1053,7656.48,7756.24,True
1054,7652.53,7756.24,True
1055,7650.31,7756.24,True
1056,7648.33,7756.24,True
1057,7648.32,7756.24,True
1058,7658.39,7756.24,False
1059,7659.84,7756.24,False
1060,7664.9,7756.24,False
1061,7663.82,7756.24,True
1062,7660.8,7756.24,True
1063,7658.47,7756.24,True
1064,7657.06,7756.24,True
1065,7661.84,7756.24,False
1066,7664.75,7756.24,False
1067,7682.72,7756.24,False
1068,7698.58,7756.24,False
1069,7700.99,7756.24,False
1070,7707.36,7756.24,False
1071,7718.75,7756.24,False
1072,7716.05,7756.24,True
1073,7714.08,7756.24,True
1074,7709.29,7756.24,True
1075,7706.5,7756.24,True
1076,7706.52,7756.24,False
1077,7709.05,7756.24,False
1078,7705.95,7756.24,True
1079,7705.89,7756.24,True
1080,7706.77,7756.24,False
1081,7701.81,7756.24,True
1082,7703.94,7756.24,False
1083,7697.88,7756.24,True
1084,7695.96,7756.24,True
1085,7702.91,7756.24,False
1086,7699.3,7756.24,True
1087,7689.95,7756.24,True
1088,7678.35,7756.24,True
1089,7676.0,7756.24,True
1090,7666.78,7756.24,True
1091,7665.5,7756.24,True
1092,7663.61,7756.24,True
1093,7658.2,7756.24,True
1094,7661.24,7756.24,False
1095,7662.69,7756.24,False
1096,7664.3,7756.24,False
1097,7662.39,7756.24,True
1098,7661.79,7756.24,True
1099,7664.95,7756.24,False
1100,7670.01,7756.24,False
1101,7669.29,7756.24,True
1102,7670.66,7756.24,False
1103,7692.64,7756.24,False
1104,7689.93,7756.24,True
1105,7686.05,7756.24,True
1106,7681.07,7756.24,True
1107,7692.69,7756.24,False
1108,7694.04,7756.24,False
1109,7692.88,7756.24,True
1110,7686.91,7756.24,True
1111,7697.3,7756.24,False
1112,7694.67,7756.24,True
1113,7691.74,7756.24,True
1114,7690.33,7756.24,True
1115,7686.45,7756.24,True
1116,7683.31,7756.24,True
1117,7679.95,7756.24,True
1118,7683.0,7756.24,False
1119,7679.87,7756.24,True
1120,7675.43,7756.24,True
1121,7670.62,7756.24,True
1122,7677.67,7756.24,False
1123,7677.03,7756.24,True
1124,7676.78,7756.24,True
1125,7674.5,7756.24,True
1126,7681.21,7756.24,False
1127,7684.23,7756.24,False
1128,7684.26,7756.24,False
1129,7681.08,7756.24,True
1130,7674.03,7756.24,True
1131,7668.18,7756.24,True
1132,7666.53,7756.24,True
1133,7673.46,7756.24,False
1134,7676.86,7756.24,False
1135,7681.96,7756.24,False
1136,7690.06,7756.24,False
1137,7690.95,7756.24,False
1138,7691.81,7756.24,False
1139,7689.2,7756.24,True
1140,7686.63,7756.24,True
1141,7681.28,7756.24,True
1142,7691.54,7756.24,False
1143,7693.73,7756.24,False
1144,7701.11,7756.24,False
1145,7707.22,7756.24,False
1146,7700.2,7756.24,True
1147,7696.03,7756.24,True
1148,7690.11,7756.24,True
1149,7688.55,7756.24,True
1150,7689.74,7756.24,False
1151,7689.58,7756.24,True
1152,7690.0,7756.24,False
1153,7695.92,7756.24,False
1154,7696.0,7756.24,False
1155,7695.11,7756.24,True
1156,7696.74,7756.24,False
1157,7701.96,7756.24,False
1158,7703.37,7756.24,False
1159,7704.8,7756.24,False
1160,7699.26,7756.24,True
1161,7695.44,7756.24,True
1162,7691.81,7756.24,True
1163,7698.04,7756.24,False
1164,7702.74,7756.24,False
1165,7693.41,7756.24,True
1166,7689.3,7756.24,True
1167,7680.43,7756.24,True
1168,7674.55,7756.24,True
1169,7669.0,7756.24,True
1170,7657.22,7756.24,True
1171,7679.98,7756.24,False
1172,7674.62,7756.24,True
1173,7679.47,7756.24,False
1174,7683.92,7756.24,False
1175,7680.49,7756.24,True
1176,7681.91,7756.24,False
1177,7686.3,7756.24,False
1178,7691.76,7756.24,False
1179,7695.86,7756.24,False
1180,7697.88,7756.24,False
1181,7705.47,7756.24,False
1182,7722.38,7756.24,False
1183,7725.31,7756.24,False
1184,7731.39,7756.24,False
1185,7732.28,7756.24,False
1186,7729.51,7756.24,True
1187,7726.74,7756.24,True
1188,7733.88,7756.24,False
1189,7731.64,7756.24,True
1190,7730.37,7756.24,True
1191,7747.35,7756.24,False
1192,7746.58,7756.24,True
1193,7738.24,7756.24,True
1194,7733.98,7756.24,True
1195,7727.34,7756.24,True
1196,7717.58,7756.24,True
1197,7708.23,7756.24,True
1198,7698.34,7756.24,True
1199,7685.1,7756.24,True
1200,7673.96,7756.24,True
1201,7678.68,7756.24,False
1202,7679.94,7756.24,False
1203,7675.39,7756.24,True
1204,7673.13,7756.24,True
1205,7693.54,7756.24,False
1206,7688.44,7756.24,True
1207,7682.92,7756.24,True
1208,7699.38,7756.24,False
1209,7705.03,7756.24,False
1210,7701.12,7756.24,True
1211,7697.7,7756.24,True
1212,7697.65,7756.24,True
1213,7702.67,7756.24,False
1214,7704.71,7756.24,False
1215,7698.08,7756.24,True
1216,7694.97,7756.24,True
1217,7689.75,7756.24,True
1218,7686.88,7756.24,True
1219,7681.31,7756.24,True
1220,7682.8,7756.24,False
1221,7681.32,7756.24,True
1222,7684.03,7756.24,False
1223,7681.92,7756.24,True
1224,7680.67,7756.24,True
1225,7679.83,7756.24,True
1226,7679.95,7756.24,False
1227,7676.97,7756.24,True
1228,7676.13,7756.24,True
1229,7668.35,7756.24,True
1230,7665.95,7756.24,True
1231,7667.79,7756.24,False
1232,7667.38,7756.24,True
1233,7675.48,7756.24,False
1234,7668.27,7756.24,True
1235,7664.53,7756.24,True
1236,7666.6,7756.24,False
1237,7676.13,7756.24,False
1238,7680.3,7756.24,False
1239,7688.92,7756.24,False
1240,7696.94,7756.24,False
1241,7695.7,7756.24,True
1242,7702.86,7756.24,False
1243,7700.81,7756.24,True
1244,7709.27,7756.24,False
1245,7712.19,7756.24,False
1246,7713.03,7756.24,False
1247,7713.62,7756.24,False
1248,7719.4,7756.24,False
1249,7720.72,7756.24,False
1250,7725.78,7756.24,False
1251,7729.13,7756.24,False
1252,7735.45,7756.24,False
1253,7748.38,7756.24,False
1254,7758.68,7758.68,False
1255,7765.76,7765.76,False
1256,7759.97,7765.76,True
1257,7752.01,7765.76,True
1258,7765.85,7765.85,False
1259,7771.66,7771.66,False
1260,7765.74,7771.66,True
1261,7753.63,7771.66,True
1262,7742.39,7771.66,True
1263,7735.95,7771.66,True
1264,7732.87,7771.66,True
1265,7726.0,7771.66,True
1266,7722.01,7771.66,True
1267,7720.86,7771.66,True
1268,7722.33,7771.66,False
1269,7727.4,7771.66,False
1270,7720.38,7771.66,True
1271,7710.01,7771.66,True
1272,7709.88,7771.66,True
1273,7707.71,7771.66,True
1274,7702.6,7771.66,True
1275,7705.11,7771.66,False
1276,7701.61,7771.66,True
1277,7698.05,7771.66,True
1278,7691.27,7771.66,True
1279,7690.24,7771.66,True
1280,7685.47,7771.66,True
1281,7674.19,7771.66,True
1282,7663.03,7771.66,True
1283,7651.74,7771.66,True
1284,7644.7,7771.66,True
1285,7634.5,7771.66,True
1286,7629.62,7771.66,True
1287,7623.15,7771.66,True
1288,7618.45,7771.66,True
1289,7610.9,7771.66,True
1290,7614.81,7771.66,False
1291,7618.35,7771.66,False
1292,7614.96,7771.66,True
1293,7608.34,7771.66,True
1294,7605.83,7771.66,True
1295,7609.65,7771.66,False
1296,7609.01,7771.66,True
1297,7624.82,7771.66,False
1298,7631.04,7771.66,False
1299,7634.03,7771.66,False
1300,7637.19,7771.66,False
1301,7637.46,7771.66,False
1302,7637.18,7771.66,True
1303,7638.52,7771.66,False
1304,7641.93,7771.66,False
1305,7637.64,7771.66,True
1306,7630.86,7771.66,True
1307,7627.25,7771.66,True
1308,7624.02,7771.66,True
1309,7630.75,7771.66,False
1310,7632.43,7771.66,False
1311,7642.3,7771.66,False
1312,7652.85,7771.66,False
1313,7652.39,7771.66,True
1314,7655.66,7771.66,False
1315,7665.6,7771.66,False
1316,7669.23,7771.66,False
1317,7667.6,7771.66,True
1318,7672.3,7771.66,False
1319,7678.05,7771.66,False
1320,7682.74,7771.66,False
1321,7682.55,7771.66,True
1322,7682.6,7771.66,False
1323,7680.87,7771.66,True
1324,7674.99,7771.66,True
1325,7666.25,7771.66,True
1326,7671.91,7771.66,False
1327,7677.16,7771.66,False
1328,7678.32,7771.66,False
1329,7676.51,7771.66,True
1330,7672.29,7771.66,True
1331,7668.12,7771.66,True
1332,7676.85,7771.66,False
1333,7674.8,7771.66,True
1334,7685.22,7771.66,False
1335,7689.01,7771.66,False
1336,7691.86,7771.66,False
1337,7699.1,7771.66,False
1338,7702.13,7771.66,False
1339,7700.69,7771.66,True
1340,7705.46,7771.66,False
1341,7709.03,7771.66,False
1342,7709.41,7771.66,False
1343,7705.91,7771.66,True
1344,7706.15,7771.66,False
1345,7703.23,7771.66,True
1346,7700.82,7771.66,True
1347,7700.78,7771.66,True
1348,7698.5,7771.66,True
1349,7700.91,7771.66,False
1350,7703.68,7771.66,False
1351,7695.26,7771.66,True
1352,7690.56,7771.66,True
1353,7687.65,7771.66,True
1354,7683.45,7771.66,True
1355,7680.29,7771.66,True
1356,7679.71,7771.66,True
1357,7687.45,7771.66,False
1358,7691.34,7771.66,False
1359,7692.74,7771.66,False
1360,7686.67,7771.66,True
1361,7681.5,7771.66,True
1362,7677.95,7771.66,True
1363,7693.5,7771.66,False
1364,7700.08,7771.66,False
1365,7694.57,7771.66,True
1366,7692.81,7771.66,True
1367,7696.89,7771.66,False
1368,7707.19,7771.66,False
1369,7716.64,7771.66,False
1370,7714.42,7771.66,True
1371,7733.07,7771.66,False
1372,7730.55,7771.66,True
1373,7728.67,7771.66,True
1374,7723.0,7771.66,True
1375,7709.87,7771.66,True
1376,7698.54,7771.66,True
1377,7688.65,7771.66,True
1378,7681.73,7771.66,True
1379,7675.86,7771.66,True
1380,7665.11,7771.66,True
1381,7662.62,7771.66,True
1382,7655.81,7771.66,True
1383,7655.5,7771.66,True
1384,7653.3,7771.66,True
1385,7662.89,7771.66,False
1386,7672.78,7771.66,False
1387,7668.43,7771.66,True
1388,7667.88,7771.66,True
1389,7672.49,7771.66,False
1390,7679.03,7771.66,False
1391,7677.27,7771.66,True
1392,7675.25,7771.66,True
1393,7673.29,7771.66,True
1394,7676.05,7771.66,False
1395,7672.57,7771.66,True
1396,7671.79,7771.66,True
1397,7668.92,7771.66,True
1398,7691.63,7771.66,False
1399,7693.48,7771.66,False
1400,7689.76,7771.66,True
1401,7682.04,7771.66,True
1402,7678.8,7771.66,True
1403,7675.25,7771.66,True
1404,7673.12,7771.66,True
1405,7664.33,7771.66,True
1406,7664.74,7771.66,False
1407,7661.68,7771.66,True
1408,7658.42,7771.66,True
1409,7657.82,7771.66,True
1410,7661.97,7771.66,False
1411,7668.54,7771.66,False
1412,7662.81,7771.66,True
1413,7654.41,7771.66,True
1414,7655.43,7771.66,False
1415,7650.55,7771.66,True
1416,7649.98,7771.66,True
1417,7649.88,7771.66,True
1418,7661.16,7771.66,False
1419,7660.32,7771.66,True
1420,7664.62,7771.66,False
1421,7665.91,7771.66,False
1422,7676.54,7771.66,False
1423,7694.65,7771.66,False
1424,7698.02,7771.66,False
1425,7700.96,7771.66,False
1426,7710.83,7771.66,False
1427,7718.4,7771.66,False
1428,7724.87,7771.66,False
1429,7726.41,7771.66,False
1430,7725.82,7771.66,True
1431,7726.07,7771.66,False
1432,7726.48,7771.66,False
1433,7721.38,7771.66,True
1434,7713.63,7771.66,True
1435,7706.34,7771.66,True
1436,7700.45,7771.66,True
1437,7690.69,7771.66,True
1438,7688.88,7771.66,True
1439,7679.22,7771.66,True
1440,7668.58,7771.66,True
1441,7659.19,7771.66,True
1442,7666.96,7771.66,False
1443,7659.07,7771.66,True
1444,7657.09,7771.66,True
1445,7671.04,7771.66,False
1446,7663.48,7771.66,True
1447,7658.99,7771.66,True
1448,7653.74,7771.66,True
1449,7651.66,7771.66,True
1450,7663.74,7771.66,False
1451,7669.59,7771.66,False
1452,7675.93,7771.66,False
1453,7684.92,7771.66,False
1454,7689.4,7771.66,False
1455,7694.47,7771.66,False
1456,7700.63,7771.66,False
1457,7705.35,7771.66,False
1458,7704.52,7771.66,True
1459,7700.48,7771.66,True
1460,7697.16,7771.66,True
1461,7695.78,7771.66,True
1462,7688.19,7771.66,True
1463,7687.47,7771.66,True
1464,7687.64,7771.66,False
1465,7683.58,7771.66,True
1466,7681.98,7771.66,True
1467,7677.3,7771.66,True
1468,7672.46,7771.66,True
1469,7671.81,7771.66,True
1470,7669.93,7771.66,True
1471,7666.27,7771.66,True
1472,7663.19,7771.66,True
1473,7658.64,7771.66,True
1474,7648.76,7771.66,True
1475,7642.46,7771.66,True
1476,7636.96,7771.66,True
1477,7632.08,7771.66,True
1478,7644.63,7771.66,False
1479,7647.32,7771.66,False
1480,7653.5,7771.66,False
1481,7656.96,7771.66,False
1482,7660.27,7771.66,False
1483,7659.8,7771.66,True
1484,7666.67,7771.66,False
1485,7671.08,7771.66,False
1486,7692.09,7771.66,False
1487,7690.63,7771.66,True
1488,7689.88,7771.66,True
1489,7703.9,7771.66,False
1490,7697.04,7771.66,True
1491,7705.6,7771.66,False
1492,7702.25,7771.66,True
1493,7697.25,7771.66,True
1494,7700.62,7771.66,False
1495,7695.48,7771.66,True
1496,7691.35,7771.66,True
1497,7684.13,7771.66,True
1498,7677.72,7771.66,True
1499,7665.32,7771.66,True
1500,7655.21,7771.66,True
1501,7645.57,7771.66,True
1502,7654.94,7771.66,False
1503,7649.5,7771.66,True
1504,7643.24,7771.66,True
1505,7631.07,7771.66,True
1506,7623.73,7771.66,True
1507,7613.44,7771.66,True
1508,7602.08,7771.66,True
1509,7605.8,7771.66,False
1510,7604.05,7771.66,True
1511,7595.42,7771.66,True
1512,7591.99,7771.66,True
1513,7613.07,7771.66,False
1514,7612.76,7771.66,True
1515,7637.78,7771.66,False
1516,7646.09,7771.66,False
1517,7649.05,7771.66,False
1518,7651.59,7771.66,False
1519,7651.54,7771.66,True
1520,7653.37,7771.66,False
1521,7653.6,7771.66,False
1522,7661.19,7771.66,False
1523,7667.3,7771.66,False
1524,7672.34,7771.66,False
1525,7671.77,7771.66,True
1526,7673.75,7771.66,False
1527,7672.67,7771.66,True
1528,7671.27,7771.66,True
1529,7670.14,7771.66,True
1530,7669.25,7771.66,True
1531,7665.89,7771.66,True
1532,7666.09,7771.66,False
1533,7659.51,7771.66,True
1534,7655.75,7771.66,True
1535,7649.58,7771.66,True
1536,7648.64,7771.66,True
1537,7647.38,7771.66,True
1538,7649.77,7771.66,False
1539,7646.89,7771.66,True
1540,7646.14,7771.66,True
1541,7639.63,7771.66,True
1542,7637.42,7771.66,True
1543,7633.88,7771.66,True
1544,7636.99,7771.66,False
1545,7634.72,7771.66,True
1546,7636.63,7771.66,False
1547,7635.1,7771.66,True
1548,7639.89,7771.66,False
1549,7641.5,7771.66,False
1550,7637.7,7771.66,True
1551,7634.04,7771.66,True
1552,7629.37,7771.66,True
1553,7628.8,7771.66,True
1554,7633.66,7771.66,False
1555,7629.18,7771.66,True
1556,7627.89,7771.66,True
1557,7624.84,7771.66,True
1558,7631.64,7771.66,False
1559,7638.72,7771.66,False
1560,7633.24,7771.66,True
1561,7630.0,7771.66,True
1562,7630.33,7771.66,False
1563,7624.3,7771.66,True
1564,7631.03,7771.66,False
1565,7639.43,7771.66,False
1566,7640.67,7771.66,False
1567,7639.12,7771.66,True
1568,7654.41,7771.66,False
1569,7653.92,7771.66,True
1570,7659.94,7771.66,False
1571,7663.03,7771.66,False
1572,7667.22,7771.66,False
1573,7672.73,7771.66,False
1574,7673.78,7771.66,False
1575,7677.05,7771.66,False
1576,7677.99,7771.66,False
1577,7682.91,7771.66,False
1578,7683.91,7771.66,False
1579,7685.77,7771.66,False
1580,7692.48,7771.66,False
1581,7690.14,7771.66,True
1582,7681.76,7771.66,True
1583,7677.0,7771.66,True
1584,7669.25,7771.66,True
1585,7660.14,7771.66,True
1586,7652.51,7771.66,True
1587,7652.6,7771.66,False
1588,7662.83,7771.66,False
1589,7656.36,7771.66,True
1590,7651.32,7771.66,True
1591,7653.3,7771.66,False
1592,7655.41,7771.66,False
1593,7657.46,7771.66,False
1594,7662.13,7771.66,False
1595,7666.25,7771.66,False
1596,7672.08,7771.66,False
1597,7674.42,7771.66,False
1598,7674.42,7771.66,False
1599,7673.04,7771.66,True
1600,7672.92,7771.66,True
1601,7673.8,7771.66,False
1602,7675.47,7771.66,False
1603,7678.18,7771.66,False
1604,7675.61,7771.66,True
1605,7678.17,7771.66,False
1606,7673.72,7771.66,True
1607,7670.59,7771.66,True
1608,7667.26,7771.66,True
1609,7662.65,7771.66,True
1610,7657.64,7771.66,True
1611,7653.16,7771.66,True
1612,7647.34,7771.66,True
1613,7643.62,7771.66,True
1614,7650.59,7771.66,False
1615,7648.51,7771.66,True
1616,7644.72,7771.66,True
1617,7658.32,7771.66,False
1618,7661.64,7771.66,False
1619,7659.31,7771.66,True
1620,7663.32,7771.66,False
1621,7661.05,7771.66,True
1622,7661.13,7771.66,False
1623,7665.76,7771.66,False
1624,7667.53,7771.66,False
1625,7665.97,7771.66,True
1626,7662.04,7771.66,True
1627,7654.35,7771.66,True
1628,7648.35,7771.66,True
1629,7654.19,7771.66,False
1630,7652.66,7771.66,True
1631,7650.37,7771.66,True
1632,7644.28,7771.66,True
1633,7643.99,7771.66,True
1634,7635.86,7771.66,True
1635,7635.39,7771.66,True
1636,7650.84,7771.66,False
1637,7653.95,7771.66,False
1638,7654.83,7771.66,False
1639,7651.4,7771.66,True
1640,7647.24,7771.66,True
1641,7650.71,7771.66,False
1642,7653.5,7771.66,False
1643,7658.65,7771.66,False
1644,7668.74,7771.66,False
1645,7681.64,7771.66,False
1646,7693.76,7771.66,False
1647,7694.47,7771.66,False
1648,7702.17,7771.66,False
1649,7702.82,7771.66,False
1650,7707.66,7771.66,False
1651,7704.49,7771.66,True
1652,7702.07,7771.66,True
1653,7699.02,7771.66,True
1654,7690.43,7771.66,True
1655,7686.93,7771.66,True
1656,7689.94,7771.66,False
1657,7689.53,7771.66,True
1658,7680.54,7771.66,True
1659,7666.96,7771.66,True
1660,7655.21,7771.66,True
1661,7644.46,7771.66,True
1662,7640.18,7771.66,True
1663,7633.94,7771.66,True
1664,7636.27,7771.66,False
1665,7627.14,7771.66,True
1666,7622.87,7771.66,True
1667,7613.24,7771.66,True
1668,7611.7,7771.66,True
1669,7613.19,7771.66,False
1670,7651.49,7771.66,False
1671,7657.68,7771.66,False
1672,7656.27,7771.66,True
1673,7656.09,7771.66,True
1674,7658.8,7771.66,False
1675,7656.97,7771.66,True
1676,7652.85,7771.66,True
1677,7648.2,7771.66,True
1678,7647.64,7771.66,True
1679,7642.68,7771.66,True
1680,7640.41,7771.66,True
1681,7645.53,7771.66,False
1682,7646.13,7771.66,False
1683,7645.57,7771.66,True
1684,7644.63,7771.66,True
1685,7642.46,7771.66,True
1686,7642.07,7771.66,True
1687,7639.44,7771.66,True
1688,7640.97,7771.66,False
1689,7652.99,7771.66,False
1690,7657.6,7771.66,False
1691,7662.67,7771.66,False
1692,7665.78,7771.66,False
1693,7667.77,7771.66,False
1694,7667.59,7771.66,True
1695,7660.92,7771.66,True
1696,7652.52,7771.66,True
1697,7646.2,7771.66,True
1698,7640.5,7771.66,True
1699,7638.1,7771.66,True
1700,7630.46,7771.66,True
1701,7627.15,7771.66,True
1702,7625.75,7771.66,True
1703,7627.08,7771.66,False
1704,7620.62,7771.66,True
1705,7620.97,7771.66,False
1706,7632.74,7771.66,False
1707,7638.85,7771.66,False
1708,7642.55,7771.66,False
1709,7647.5,7771.66,False
1710,7646.03,7771.66,True
1711,7648.19,7771.66,False
1712,7651.8,7771.66,False
1713,7652.15,7771.66,False
1714,7650.42,7771.66,True
1715,7651.96,7771.66,False
1716,7678.62,7771.66,False
1717,7677.97,7771.66,True
1718,7675.41,7771.66,True
1719,7669.56,7771.66,True
1720,7663.32,7771.66,True
1721,7660.86,7771.66,True
1722,7657.55,7771.66,True
1723,7654.07,7771.66,True
1724,7650.33,7771.66,True
1725,7650.03,7771.66,True
1726,7649.96,7771.66,True
1727,7655.3,7771.66,False
1728,7652.78,7771.66,True
1729,7655.91,7771.66,False
1730,7671.22,7771.66,False
1731,7674.93,7771.66,False
1732,7679.6,7771.66,False
1733,7677.51,7771.66,True
1734,7671.22,7771.66,True
1735,7672.13,7771.66,False
1736,7673.44,7771.66,False
1737,7666.86,7771.66,True
1738,7668.28,7771.66,False
1739,7669.69,7771.66,False
1740,7667.29,7771.66,True
1741,7666.96,7771.66,True
1742,7665.5,7771.66,True
1743,7664.59,7771.66,True
1744,7667.71,7771.66,False
1745,7668.04,7771.66,False
1746,7671.53,7771.66,False
1747,7672.51,7771.66,False
1748,7667.52,7771.66,True
1749,7669.11,7771.66,False
1750,7662.39,7771.66,True
1751,7655.55,7771.66,True
1752,7655.16,7771.66,True
1753,7659.91,7771.66,False
1754,7654.47,7771.66,True
1755,7648.23,7771.66,True
1756,7642.67,7771.66,True
1757,7637.48,7771.66,True
1758,7639.41,7771.66,False
1759,7631.12,7771.66,True
1760,7627.9,7771.66,True
1761,7632.52,7771.66,False
1762,7624.55,7771.66,True
1763,7636.86,7771.66,False
1764,7632.0,7771.66,True
1765,7627.41,7771.66,True
1766,7624.19,7771.66,True
1767,7633.05,7771.66,False
1768,7632.85,7771.66,True
1769,7637.71,7771.66,False
1770,7639.6,7771.66,False
1771,7630.67,7771.66,True
1772,7634.8,7771.66,False
1773,7634.15,7771.66,True
1774,7636.69,7771.66,False
1775,7638.95,7771.66,False
1776,7641.19,7771.66,False
1777,7648.71,7771.66,False
1778,7655.43,7771.66,False
1779,7660.3,7771.66,False
1780,7661.21,7771.66,False
1781,7669.23,7771.66,False
1782,7675.52,7771.66,False
1783,7680.73,7771.66,False
1784,7685.78,7771.66,False
1785,7683.21,7771.66,True
1786,7683.99,7771.66,False
1787,7682.68,7771.66,True
1788,7677.06,7771.66,True
1789,7669.35,7771.66,True
1790,7687.08,7771.66,False
1791,7683.89,7771.66,True
1792,7678.69,7771.66,True
1793,7671.1,7771.66,True
1794,7667.37,7771.66,True
1795,7663.82,7771.66,True
1796,7665.98,7771.66,False
1797,7671.13,7771.66,False
1798,7678.8,7771.66,False
1799,7678.58,7771.66,True
1800,7683.86,7771.66,False
1801,7686.66,7771.66,False
1802,7693.42,7771.66,False
1803,7698.01,7771.66,False
1804,7695.68,7771.66,True
1805,7695.78,7771.66,False
1806,7694.49,7771.66,True
1807,7692.88,7771.66,True
1808,7694.14,7771.66,False
1809,7690.81,7771.66,True
1810,7685.93,7771.66,True
1811,7682.39,7771.66,True
1812,7686.14,7771.66,False
1813,7690.58,7771.66,False
1814,7695.46,7771.66,False
1815,7699.24,7771.66,False
1816,7704.41,7771.66,False
1817,7697.99,7771.66,True
1818,7691.57,7771.66,True
1819,7688.34,7771.66,True
1820,7684.34,7771.66,True
1821,7684.52,7771.66,False
1822,7677.87,7771.66,True
1823,7673.67,7771.66,True
1824,7671.1,7771.66,True
1825,7667.61,7771.66,True
1826,7661.71,7771.66,True
1827,7660.2,7771.66,True
1828,7655.78,7771.66,True
1829,7651.3,7771.66,True
1830,7646.98,7771.66,True
1831,7642.26,7771.66,True
1832,7632.75,7771.66,True
1833,7650.63,7771.66,False
1834,7648.81,7771.66,True
1835,7641.42,7771.66,True
1836,7634.25,7771.66,True
1837,7641.42,7771.66,False
1838,7642.4,7771.66,False
1839,7646.73,7771.66,False
1840,7649.48,7771.66,False
1841,7643.98,7771.66,True
1842,7641.32,7771.66,True
1843,7657.29,7771.66,False
1844,7658.45,7771.66,False
1845,7658.35,7771.66,True
1846,7655.78,7771.66,True
1847,7660.16,7771.66,False
1848,7665.5,7771.66,False
1849,7662.37,7771.66,True
1850,7662.61,7771.66,False
1851,7668.22,7771.66,False
1852,7665.26,7771.66,True
1853,7664.16,7771.66,True
1854,7664.31,7771.66,False
1855,7668.44,7771.66,False
1856,7668.28,7771.66,True
1857,7667.34,7771.66,True
1858,7674.27,7771.66,False
1859,7677.86,7771.66,False
1860,7673.34,7771.66,True
1861,7675.28,7771.66,False
1862,7685.28,7771.66,False
1863,7684.22,7771.66,True
1864,7686.39,7771.66,False
1865,7683.05,7771.66,True
1866,7681.95,7771.66,True
1867,7674.39,7771.66,True
1868,7669.18,7771.66,True
1869,7667.62,7771.66,True
1870,7675.47,7771.66,False
1871,7675.06,7771.66,True
1872,7673.83,7771.66,True
1873,7675.99,7771.66,False
1874,7670.89,7771.66,True
1875,7667.81,7771.66,True
1876,7663.66,7771.66,True
1877,7659.01,7771.66,True
1878,7651.78,7771.66,True
1879,7650.91,7771.66,True
1880,7664.68,7771.66,False
1881,7662.43,7771.66,True
1882,7663.39,7771.66,False
1883,7654.73,7771.66,True
1884,7645.99,7771.66,True
1885,7640.82,7771.66,True
1886,7639.01,7771.66,True
1887,7642.65,7771.66,False
1888,7647.63,7771.66,False
1889,7644.9,7771.66,True
1890,7636.29,7771.66,True
1891,7630.06,7771.66,True
1892,7622.34,7771.66,True
1893,7618.15,7771.66,True
1894,7619.57,7771.66,False
1895,7615.15,7771.66,True
1896,7643.6,7771.66,False
1897,7648.63,7771.66,False
1898,7642.15,7771.66,True
1899,7638.43,7771.66,True
1900,7635.6,7771.66,True
1901,7633.85,7771.66,True
1902,7631.78,7771.66,True
1903,7632.13,7771.66,False
1904,7634.37,7771.66,False
1905,7637.45,7771.66,False
1906,7646.16,7771.66,False
1907,7648.99,7771.66,False
1908,7652.61,7771.66,False
1909,7652.68,7771.66,False
1910,7654.01,7771.66,False
1911,7651.4,7771.66,True
1912,7655.26,7771.66,False
1913,7655.22,7771.66,True
1914,7650.78,7771.66,True
1915,7649.82,7771.66,True
1916,7646.24,7771.66,True
1917,7642.72,7771.66,True
1918,7640.25,7771.66,True
1919,7634.66,7771.66,True
1920,7627.96,7771.66,True
1921,7626.15,7771.66,True
1922,7620.16,7771.66,True
1923,7618.57,7771.66,True
1924,7616.9,7771.66,True
1925,7613.71,7771.66,True
1926,7617.18,7771.66,False
1927,7623.97,7771.66,False
1928,7627.3,7771.66,False
1929,7628.05,7771.66,False
1930,7637.13,7771.66,False
1931,7645.95,7771.66,False
1932,7647.48,7771.66,False
1933,7650.43,7771.66,False
1934,7653.65,7771.66,False
1935,7661.23,7771.66,False
1936,7654.74,7771.66,True
1937,7654.9,7771.66,False
1938,7653.38,7771.66,True
1939,7648.44,7771.66,True
1940,7647.43,7771.66,True
1941,7644.73,7771.66,True
1942,7647.88,7771.66,False
1943,7658.07,7771.66,False
1944,7672.09,7771.66,False
1945,7681.49,7771.66,False
1946,7684.91,7771.66,False
1947,7691.34,7771.66,False
1948,7698.97,7771.66,False
1949,7701.13,7771.66,False
1950,7703.05,7771.66,False
1951,7710.33,7771.66,False
1952,7708.91,7771.66,True
1953,7705.84,7771.66,True
1954,7698.44,7771.66,True
1955,7693.25,7771.66,True
1956,7687.09,7771.66,True
1957,7677.97,7771.66,True
1958,7666.86,7771.66,True
1959,7667.74,7771.66,False
1960,7665.23,7771.66,True
1961,7680.46,7771.66,False
1962,7682.5,7771.66,False
1963,7681.77,7771.66,True
1964,7680.44,7771.66,True
1965,7682.82,7771.66,False
1966,7684.31,7771.66,False
1967,7682.46,7771.66,True
1968,7681.25,7771.66,True
1969,7682.43,7771.66,False
1970,7683.07,7771.66,False
1971,7683.95,7771.66,False
1972,7688.92,7771.66,False
1973,7692.25,7771.66,False
1974,7697.59,7771.66,False
1975,7703.13,7771.66,False
1976,7703.4,7771.66,False
1977,7705.73,7771.66,False
1978,7704.96,7771.66,True
1979,7696.79,7771.66,True
1980,7692.48,7771.66,True
1981,7696.79,7771.66,False
1982,7695.84,7771.66,True
1983,7690.15,7771.66,True
1984,7683.01,7771.66,True
1985,7678.31,7771.66,True
1986,7673.1,7771.66,True
1987,7676.42,7771.66,False
1988,7671.86,7771.66,True
1989,7666.7,7771.66,True
1990,7677.91,7771.66,False
1991,7670.91,7771.66,True
1992,7670.69,7771.66,True
1993,7666.89,7771.66,True
1994,7661.59,7771.66,True
1995,7657.9,7771.66,True
1996,7656.76,7771.66,True
1997,7664.63,7771.66,False
1998,7673.25,7771.66,False
1999,7675.22,7771.66,False
2000,7675.47,7771.66,False
2001,7676.4,7771.66,False
2002,7672.08,7771.66,True
2003,7691.55,7771.66,False
2004,7698.86,7771.66,False
2005,7698.47,7771.66,True
2006,7696.14,7771.66,True
2007,7691.11,7771.66,True
2008,7686.23,7771.66,True
2009,7689.76,7771.66,False
2010,7690.01,7771.66,False
2011,7685.72,7771.66,True
2012,7678.1,7771.66,True
2013,7674.1,7771.66,True
2014,7683.97,7771.66,False
2015,7678.33,7771.66,True
2016,7673.91,7771.66,True
2017,7677.66,7771.66,False
2018,7676.3,7771.66,True
2019,7679.31,7771.66,False
2020,7674.31,7771.66,True
2021,7683.82,7771.66,False
2022,7687.7,7771.66,False
2023,7684.61,7771.66,True
2024,7703.68,7771.66,False
2025,7705.53,7771.66,False
2026,7708.94,7771.66,False
2027,7712.37,7771.66,False
2028,7718.49,7771.66,False
2029,7713.29,7771.66,True
2030,7707.25,7771.66,True
2031,7703.57,7771.66,True
2032,7702.38,7771.66,True
2033,7697.28,7771.66,True
2034,7687.87,7771.66,True
2035,7685.46,7771.66,True
2036,7677.05,7771.66,True
2037,7671.91,7771.66,True
2038,7661.81,7771.66,True
2039,7669.4,7771.66,False
2040,7657.69,7771.66,True
2041,7661.06,7771.66,False
2042,7657.57,7771.66,True
2043,7669.97,7771.66,False
2044,7671.15,7771.66,False
2045,7664.75,7771.66,True
2046,7671.79,7771.66,False
2047,7678.76,7771.66,False
2048,7678.06,7771.66,True
2049,7685.79,7771.66,False
2050,7689.74,7771.66,False
2051,7682.82,7771.66,True
2052,7683.1,7771.66,False
2053,7688.3,7771.66,False
2054,7689.86,7771.66,False
2055,7688.24,7771.66,True
2056,7701.73,7771.66,False
2057,7702.04,7771.66,False
2058,7701.57,7771.66,True
2059,7694.85,7771.66,True
2060,7691.42,7771.66,True
2061,7685.55,7771.66,True
2062,7678.25,7771.66,True
2063,7676.49,7771.66,True
2064,7671.51,7771.66,True
2065,7670.22,7771.66,True
2066,7662.99,7771.66,True
2067,7652.83,7771.66,True
2068,7648.51,7771.66,True
2069,7645.02,7771.66,True
2070,7637.06,7771.66,True
2071,7647.41,7771.66,False
2072,7648.93,7771.66,False
2073,7671.62,7771.66,False
2074,7685.12,7771.66,False
2075,7691.43,7771.66,False
2076,7694.59,7771.66,False
2077,7695.2,7771.66,False
2078,7698.0,7771.66,False
2079,7702.12,7771.66,False
2080,7698.58,7771.66,True
2081,7695.94,7771.66,True
2082,7691.41,7771.66,True
2083,7683.58,7771.66,True
2084,7673.26,7771.66,True
2085,7673.42,7771.66,False
2086,7668.24,7771.66,True
2087,7682.97,7771.66,False
2088,7680.06,7771.66,True
2089,7672.74,7771.66,True
2090,7674.01,7771.66,False
2091,7672.92,7771.66,True
2092,7671.63,7771.66,True
2093,7668.82,7771.66,True
2094,7662.7,7771.66,True
2095,7662.75,7771.66,False
2096,7663.46,7771.66,False
2097,7662.11,7771.66,True
2098,7661.58,7771.66,True
2099,7665.17,7771.66,False
2100,7662.16,7771.66,True
2101,7658.29,7771.66,True
2102,7653.6,7771.66,True
2103,7653.1,7771.66,True
2104,7645.39,7771.66,True
2105,7637.47,7771.66,True
2106,7633.08,7771.66,True
2107,7624.48,7771.66,True
2108,7620.95,7771.66,True
2109,7613.57,7771.66,True
2110,7612.06,7771.66,True
2111,7605.49,7771.66,True
2112,7625.98,7771.66,False
2113,7625.25,7771.66,True
2114,7622.44,7771.66,True
2115,7611.94,7771.66,True
2116,7608.28,7771.66,True
2117,7630.52,7771.66,False
2118,7649.97,7771.66,False
2119,7656.39,7771.66,False
2120,7654.52,7771.66,True
2121,7654.26,7771.66,True
2122,7653.35,7771.66,True
2123,7654.58,7771.66,False
2124,7654.22,7771.66,True
2125,7658.69,7771.66,False
2126,7668.65,7771.66,False
2127,7669.09,7771.66,False
2128,7666.73,7771.66,True
2129,7667.43,7771.66,False
2130,7667.35,7771.66,True
2131,7666.79,7771.66,True
2132,7667.12,7771.66,False
2133,7660.95,7771.66,True
2134,7655.05,7771.66,True
2135,7655.1,7771.66,False
2136,7654.88,7771.66,True
2137,7660.47,7771.66,False
2138,7661.5,7771.66,False
2139,7655.41,7771.66,True
2140,7668.45,7771.66,False
2141,7662.42,7771.66,True
2142,7661.5,7771.66,True
2143,7662.4,7771.66,False
2144,7671.53,7771.66,False
2145,7672.54,7771.66,False
2146,7667.52,7771.66,True
2147,7665.57,7771.66,True
2148,7666.52,7771.66,False
2149,7677.43,7771.66,False
2150,7677.04,7771.66,True
2151,7677.08,7771.66,False
2152,7675.01,7771.66,True
2153,7682.05,7771.66,False
2154,7689.45,7771.66,False
2155,7695.09,7771.66,False
2156,7686.05,7771.66,True
2157,7679.91,7771.66,True
2158,7674.65,7771.66,True
2159,7668.15,7771.66,True
2160,7662.86,7771.66,True
2161,7656.45,7771.66,True
2162,7654.03,7771.66,True
2163,7645.26,7771.66,True
2164,7636.08,7771.66,True
2165,7633.72,7771.66,True
2166,7627.32,7771.66,True
2167,7641.98,7771.66,False
2168,7637.29,7771.66,True
2169,7636.1,7771.66,True
2170,7633.02,7771.66,True
2171,7627.9,7771.66,True
2172,7633.77,7771.66,False
2173,7627.12,7771.66,True
2174,7631.19,7771.66,False
2175,7631.62,7771.66,False
2176,7637.76,7771.66,False
2177,7645.09,7771.66,False
2178,7652.45,7771.66,False
2179,7656.3,7771.66,False
2180,7655.88,7771.66,True
2181,7660.43,7771.66,False
2182,7665.29,7771.66,False
2183,7665.61,7771.66,False
2184,7658.56,7771.66,True
2185,7660.36,7771.66,False
2186,7659.27,7771.66,True
2187,7659.3,7771.66,False
2188,7651.51,7771.66,True
2189,7643.62,7771.66,True
2190,7638.75,7771.66,True
2191,7647.09,7771.66,False
2192,7648.32,7771.66,False
2193,7649.1,7771.66,False
2194,7646.91,7771.66,True
2195,7649.46,7771.66,False
2196,7650.5,7771.66,False
2197,7655.68,7771.66,False
2198,7669.79,7771.66,False
2199,7673.28,7771.66,False
2200,7672.86,7771.66,True
2201,7678.49,7771.66,False
2202,7678.87,7771.66,False
2203,7680.48,7771.66,False
2204,7679.62,7771.66,True
2205,7674.23,7771.66,True
2206,7666.44,7771.66,True
2207,7653.07,7771.66,True
2208,7650.73,7771.66,True
2209,7642.63,7771.66,True
2210,7639.38,7771.66,True
2211,7639.0,7771.66,True
2212,7633.14,7771.66,True
2213,7629.12,7771.66,True
2214,7621.51,7771.66,True
2215,7628.68,7771.66,False
2216,7626.28,7771.66,True
2217,7623.68,7771.66,True
2218,7616.59,7771.66,True
2219,7610.23,7771.66,True
2220,7612.88,7771.66,False
2221,7614.05,7771.66,False
2222,7614.31,7771.66,False
2223,7616.18,7771.66,False
2224,7614.64,7771.66,True
2225,7610.31,7771.66,True
2226,7609.76,7771.66,True
2227,7613.42,7771.66,False
2228,7617.3,7771.66,False
2229,7613.05,7771.66,True
2230,7625.97,7771.66,False
2231,7639.26,7771.66,False
2232,7645.81,7771.66,False
2233,7651.09,7771.66,False
2234,7649.17,7771.66,True
2235,7650.21,7771.66,False
2236,7649.59,7771.66,True
2237,7650.14,7771.66,False
2238,7655.78,7771.66,False
2239,7659.99,7771.66,False
2240,7661.36,7771.66,False
2241,7659.0,7771.66,True
2242,7656.84,7771.66,True
2243,7655.98,7771.66,True
2244,7665.18,7771.66,False
2245,7665.41,7771.66,False
2246,7698.69,7771.66,False
2247,7708.23,7771.66,False
2248,7711.06,7771.66,False
2249,7708.21,7771.66,True
2250,7709.86,7771.66,False
2251,7715.33,7771.66,False
2252,7712.09,7771.66,True
2253,7710.35,7771.66,True
2254,7711.42,7771.66,False
2255,7717.01,7771.66,False
2256,7706.56,7771.66,True
2257,7700.9,7771.66,True
2258,7699.9,7771.66,True
2259,7705.37,7771.66,False
2260,7707.25,7771.66,False
2261,7694.27,7771.66,True
2262,7704.99,7771.66,False
2263,7700.75,7771.66,True
2264,7694.1,7771.66,True
2265,7697.95,7771.66,False
2266,7695.23,7771.66,True
2267,7691.35,7771.66,True
2268,7688.32,7771.66,True
2269,7682.43,7771.66,True
2270,7680.44,7771.66,True
2271,7689.47,7771.66,False
2272,7692.16,7771.66,False
2273,7689.11,7771.66,True
2274,7688.36,7771.66,True
2275,7687.99,7771.66,True
2276,7680.67,7771.66,True
2277,7670.36,7771.66,True
2278,7664.0,7771.66,True
2279,7661.36,7771.66,True
2280,7660.02,7771.66,True
2281,7672.28,7771.66,False
2282,7665.83,7771.66,True
2283,7657.92,7771.66,True
2284,7647.55,7771.66,True
2285,7662.06,7771.66,False
2286,7656.25,7771.66,True
2287,7649.5,7771.66,True
2288,7641.37,7771.66,True
2289,7649.33,7771.66,False
2290,7661.8,7771.66,False
2291,7670.35,7771.66,False
2292,7680.09,7771.66,False
2293,7681.04,7771.66,False
2294,7686.59,7771.66,False
2295,7690.33,7771.66,False
2296,7697.15,7771.66,False
2297,7698.33,7771.66,False
2298,7690.06,7771.66,True
2299,7686.48,7771.66,True
2300,7680.24,7771.66,True
2301,7677.56,7771.66,True
2302,7672.2,7771.66,True
2303,7686.98,7771.66,False
2304,7682.96,7771.66,True
2305,7689.88,7771.66,False
2306,7689.32,7771.66,True
2307,7688.78,7771.66,True
2308,7685.15,7771.66,True
2309,7682.63,7771.66,True
2310,7683.87,7771.66,False
2311,7685.93,7771.66,False
2312,7687.68,7771.66,False
2313,7688.55,7771.66,False
2314,7688.89,7771.66,False
2315,7695.97,7771.66,False
2316,7694.16,7771.66,True
2317,7695.82,7771.66,False
2318,7690.83,7771.66,True
2319,7684.86,7771.66,True
2320,7680.66,7771.66,True
2321,7667.32,7771.66,True
2322,7658.62,7771.66,True
2323,7653.36,7771.66,True
2324,7652.22,7771.66,True
2325,7647.88,7771.66,True
2326,7643.74,7771.66,True
2327,7636.03,7771.66,True
2328,7624.49,7771.66,True
2329,7622.27,7771.66,True
2330,7618.27,7771.66,True
2331,7612.85,7771.66,True
2332,7607.81,7771.66,True
2333,7608.35,7771.66,False
2334,7607.24,7771.66,True
2335,7610.32,7771.66,False
2336,7610.74,7771.66,False
2337,7619.01,7771.66,False
2338,7620.92,7771.66,False
2339,7618.31,7771.66,True
2340,7616.31,7771.66,True
2341,7618.47,7771.66,False
2342,7620.49,7771.66,False
2343,7617.38,7771.66,True
2344,7616.11,7771.66,True
2345,7616.51,7771.66,False
2346,7611.11,7771.66,True
2347,7604.45,7771.66,True
2348,7605.66,7771.66,False
2349,7599.07,7771.66,True
2350,7596.63,7771.66,True
2351,7598.2,7771.66,False
2352,7597.98,7771.66,True
2353,7598.57,7771.66,False
2354,7601.09,7771.66,False
2355,7601.13,7771.66,False
2356,7594.24,7771.66,True
2357,7596.65,7771.66,False
2358,7588.39,7771.66,True
2359,7588.1,7771.66,True
2360,7586.75,7771.66,True
2361,7589.83,7771.66,False
2362,7590.72,7771.66,False
2363,7602.23,7771.66,False
2364,7610.97,7771.66,False
2365,7609.95,7771.66,True
2366,7620.52,7771.66,False
2367,7620.58,7771.66,False
2368,7619.0,7771.66,True
2369,7629.47,7771.66,False
2370,7636.43,7771.66,False
2371,7647.59,7771.66,False
2372,7647.35,7771.66,True
2373,7642.85,7771.66,True
2374,7646.39,7771.66,False
2375,7645.67,7771.66,True
2376,7646.24,7771.66,False
2377,7648.18,7771.66,False
2378,7650.47,7771.66,False
2379,7656.03,7771.66,False
2380,7665.12,7771.66,False
2381,7662.73,7771.66,True
2382,7664.94,7771.66,False
2383,7656.21,7771.66,True
2384,7653.72,7771.66,True
2385,7654.47,7771.66,False
2386,7664.4,7771.66,False
2387,7665.93,7771.66,False
2388,7660.38,7771.66,True
2389,7656.97,7771.66,True
2390,7652.71,7771.66,True
2391,7660.99,7771.66,False
2392,7669.2,7771.66,False
2393,7669.02,7771.66,True
2394,7672.93,7771.66,False
2395,7673.48,7771.66,False
2396,7676.34,7771.66,False
2397,7676.75,7771.66,False
2398,7682.72,7771.66,False
2399,7680.59,7771.66,True
2400,7671.56,7771.66,True
2401,7665.7,7771.66,True
2402,7667.17,7771.66,False
2403,7675.89,7771.66,False
2404,7673.67,7771.66,True
2405,7667.71,7771.66,True
2406,7663.81,7771.66,True
2407,7660.55,7771.66,True
2408,7663.42,7771.66,False
2409,7661.79,7771.66,True
2410,7656.34,7771.66,True
2411,7652.52,7771.66,True
2412,7665.25,7771.66,False
2413,7670.92,7771.66,False
2414,7670.18,7771.66,True
2415,7674.84,7771.66,False
2416,7669.03,7771.66,True
2417,7663.49,7771.66,True
2418,7660.18,7771.66,True
2419,7657.27,7771.66,True
2420,7654.92,7771.66,True
2421,7658.32,7771.66,False
2422,7657.41,7771.66,True
2423,7655.37,7771.66,True
2424,7665.07,7771.66,False
2425,7669.86,7771.66,False
2426,7675.16,7771.66,False
2427,7682.24,7771.66,False
2428,7681.08,7771.66,True
2429,7678.29,7771.66,True
2430,7679.75,7771.66,False
2431,7679.91,7771.66,False
2432,7671.45,7771.66,True
2433,7663.51,7771.66,True
2434,7655.83,7771.66,True
2435,7648.21,7771.66,True
2436,7641.61,7771.66,True
2437,7633.07,7771.66,True
2438,7634.36,7771.66,False
2439,7628.17,7771.66,True
2440,7620.55,7771.66,True
2441,7619.93,7771.66,True
2442,7615.92,7771.66,True
2443,7616.53,7771.66,False
2444,7623.63,7771.66,False
2445,7621.67,7771.66,True
2446,7622.83,7771.66,False
2447,7624.87,7771.66,False
2448,7629.43,7771.66,False
2449,7629.76,7771.66,False
2450,7631.28,7771.66,False
2451,7632.43,7771.66,False
2452,7634.83,7771.66,False
2453,7632.86,7771.66,True
2454,7631.44,7771.66,True
2455,7631.89,7771.66,False
2456,7626.17,7771.66,True
2457,7630.27,7771.66,False
2458,7631.57,7771.66,False
2459,7631.9,7771.66,False
2460,7632.31,7771.66,False
2461,7630.32,7771.66,True
2462,7625.83,7771.66,True
2463,7622.74,7771.66,True
2464,7620.98,7771.66,True
2465,7629.04,7771.66,False
2466,7631.02,7771.66,False
2467,7647.45,7771.66,False
2468,7653.28,7771.66,False
2469,7655.71,7771.66,False
2470,7655.03,7771.66,True
2471,7654.46,7771.66,True
2472,7652.79,7771.66,True
2473,7659.56,7771.66,False
2474,7659.36,7771.66,True
2475,7656.33,7771.66,True
2476,7655.39,7771.66,True
2477,7658.1,7771.66,False
2478,7661.57,7771.66,False
2479,7652.4,7771.66,True
2480,7642.14,7771.66,True
2481,7636.19,7771.66,True
2482,7645.07,7771.66,False
2483,7641.1,7771.66,True
2484,7636.34,7771.66,True
2485,7633.68,7771.66,True
2486,7625.41,7771.66,True
2487,7616.94,7771.66,True
2488,7618.13,7771.66,False
2489,7617.83,7771.66,True
2490,7610.38,7771.66,True
2491,7603.42,7771.66,True
2492,7596.07,7771.66,True
2493,7600.55,7771.66,False
2494,7594.42,7771.66,True
2495,7592.94,7771.66,True
2496,7600.69,7771.66,False
2497,7601.43,7771.66,False
2498,7601.18,7771.66,True
2499,7602.67,7771.66,False
2500,7600.54,7771.66,True
2501,7595.33,7771.66,True
2502,7598.78,7771.66,False
2503,7597.0,7771.66,True
2504,7595.54,7771.66,True
2505,7584.6,7771.66,True
2506,7584.08,7771.66,True
2507,7588.11,7771.66,False
2508,7588.5,7771.66,False
2509,7589.88,7771.66,False
2510,7591.52,7771.66,False
2511,7595.23,7771.66,False
2512,7598.94,7771.66,False
2513,7603.36,7771.66,False
2514,7613.58,7771.66,False
2515,7616.08,7771.66,False
2516,7620.12,7771.66,False
2517,7621.39,7771.66,False
2518,7622.69,7771.66,False
2519,7623.56,7771.66,False
2520,7622.63,7771.66,True
2521,7623.34,7771.66,False
2522,7621.46,7771.66,True
2523,7624.6,7771.66,False
2524,7628.7,7771.66,False
2525,7636.74,7771.66,False
2526,7638.99,7771.66,False
2527,7637.17,7771.66,True
2528,7631.98,7771.66,True
2529,7629.18,7771.66,True
2530,7629.43,7771.66,False
2531,7626.86,7771.66,True
2532,7639.93,7771.66,False
2533,7644.85,7771.66,False
2534,7648.47,7771.66,False
2535,7647.33,7771.66,True
2536,7645.8,7771.66,True
2537,7651.95,7771.66,False
2538,7650.08,7771.66,True
2539,7648.11,7771.66,True
2540,7650.22,7771.66,False
2541,7650.65,7771.66,False
2542,7651.89,7771.66,False
2543,7656.72,7771.66,False
2544,7651.93,7771.66,True
2545,7649.44,7771.66,True
2546,7647.56,7771.66,True
2547,7642.24,7771.66,True
2548,7636.38,7771.66,True
2549,7645.75,7771.66,False
2550,7649.7,7771.66,False
2551,7661.08,7771.66,False
2552,7660.63,7771.66,True
2553,7653.22,7771.66,True
2554,7649.26,7771.66,True
2555,7644.5,7771.66,True
2556,7648.06,7771.66,False
2557,7645.65,7771.66,True
2558,7639.7,7771.66,True
2559,7634.72,7771.66,True
2560,7644.86,7771.66,False
2561,7642.29,7771.66,True
2562,7642.53,7771.66,False
2563,7642.43,7771.66,True
2564,7640.74,7771.66,True
